,日期,指数代码,指数名称,指数英文名称,成分券代码,成分券名称,成分券英文名称,交易所,交易所英文名称,权重
0,2026-05-29,000300,沪深300,CSI 300,000001,平安银行,"Ping An Bank Co., Ltd.",深圳证券交易所,Shenzhen Stock Exchange,0.397
1,2026-05-29,000300,沪深300,CSI 300,000002,万科A,China Vanke Co Ltd,深圳证券交易所,Shenzhen Stock Exchange,0.09
2,2026-05-29,000300,沪深300,CSI 300,000063,中兴通讯,ZTE Corporation,深圳证券交易所,Shenzhen Stock Exchange,0.443
3,2026-05-29,000300,沪深300,CSI 300,000100,TCL科技,TCL Technology Group Corporation,深圳证券交易所,Shenzhen Stock Exchange,0.333
4,2026-05-29,000300,沪深300,CSI 300,000157,中联重科,Zoomlion Heavy Industry Science & Technology Co Ltd,深圳证券交易所,Shenzhen Stock Exchange,0.134
5,2026-05-29,000300,沪深300,CSI 300,000166,申万宏源,"Shenwan Hongyuan Group CO., LTD",深圳证券交易所,Shenzhen Stock Exchange,0.149
6,2026-05-29,000300,沪深300,CSI 300,000301,东方盛虹,"Jiangsu Eastern Shenghong Co.,Ltd.",深圳证券交易所,Shenzhen Stock Exchange,0.119
7,2026-05-29,000300,沪深300,CSI 300,000333,美的集团,"Midea Group CO., LTD",深圳证券交易所,Shenzhen Stock Exchange,1.49
8,2026-05-29,000300,沪深300,CSI 300,000338,潍柴动力,Wei Chai Power Co Ltd,深圳证券交易所,Shenzhen Stock Exchange,0.717
9,2026-05-29,000300,沪深300,CSI 300,000408,藏格矿业,ZANGGE MINING COMPANY LIMITED,深圳证券交易所,Shenzhen Stock Exchange,0.227
10,2026-05-29,000300,沪深300,CSI 300,000425,徐工机械,XCMG Construction Machinery Co Ltd,深圳证券交易所,Shenzhen Stock Exchange,0.343
11,2026-05-29,000300,沪深300,CSI 300,000538,云南白药,"Yunnan Baiyao Group Co., Ltd.",深圳证券交易所,Shenzhen Stock Exchange,0.167
12,2026-05-29,000300,沪深300,CSI 300,000568,泸州老窖,Luzhou Lao Jiao Co Ltd,深圳证券交易所,Shenzhen Stock Exchange,0.251
13,2026-05-29,000300,沪深300,CSI 300,000596,古井贡酒,Anhui Gujing Distillery Co Ltd,深圳证券交易所,Shenzhen Stock Exchange,0.057
14,2026-05-29,000300,沪深300,CSI 300,000617,中油资本,CNPC Capital Company Limited,深圳证券交易所,Shenzhen Stock Exchange,0.074
15,2026-05-29,000300,沪深300,CSI 300,000625,长安汽车,Chongqing Changan Automobile Co Ltd,深圳证券交易所,Shenzhen Stock Exchange,0.147
16,2026-05-29,000300,沪深300,CSI 300,000630,铜陵有色,Tongling Nonferrous Metals Group Co. Ltd,深圳证券交易所,Shenzhen Stock Exchange,0.208
17,2026-05-29,000300,沪深300,CSI 300,000651,格力电器,"Gree Electric Appliances,Inc. of Zhuhai",深圳证券交易所,Shenzhen Stock Exchange,0.657
18,2026-05-29,000300,沪深300,CSI 300,000661,长春高新,Chang Chun High and New Technology Industry (Group) Inc.,深圳证券交易所,Shenzhen Stock Exchange,0.09
19,2026-05-29,000300,沪深300,CSI 300,000708,中信特钢,"CITIC Pacific Special Steel Group Co., Ltd",深圳证券交易所,Shenzhen Stock Exchange,0.053
20,2026-05-29,000300,沪深300,CSI 300,000725,京东方A,BOE Technology Group Co Ltd,深圳证券交易所,Shenzhen Stock Exchange,0.703
21,2026-05-29,000300,沪深300,CSI 300,000768,中航西飞,AVIC XI'AN AIRCRAFT INDUSTRY GROUP COMPANY LTD.,深圳证券交易所,Shenzhen Stock Exchange,0.113
22,2026-05-29,000300,沪深300,CSI 300,000776,广发证券,"GF Securities Co., Ltd.",深圳证券交易所,Shenzhen Stock Exchange,0.209
23,2026-05-29,000300,沪深300,CSI 300,000786,北新建材,Beijing New Building Materials Public Ltd Co,深圳证券交易所,Shenzhen Stock Exchange,0.088
24,2026-05-29,000300,沪深300,CSI 300,000792,盐湖股份,Qinghai Salt Lake Industry Co Ltd,深圳证券交易所,Shenzhen Stock Exchange,0.366
25,2026-05-29,000300,沪深300,CSI 300,000807,云铝股份,Yunnan Aluminium Co Ltd,深圳证券交易所,Shenzhen Stock Exchange,0.222
26,2026-05-29,000300,沪深300,CSI 300,000858,五 粮 液,Wuliangye Yibin Co Ltd,深圳证券交易所,Shenzhen Stock Exchange,0.617
27,2026-05-29,000300,沪深300,CSI 300,000876,新 希 望,"NEW HOPE LIUHE CO., LTD",深圳证券交易所,Shenzhen Stock Exchange,0.067
28,2026-05-29,000300,沪深300,CSI 300,000895,双汇发展,Henan Shuanghui Investment & Development Co Ltd,深圳证券交易所,Shenzhen Stock Exchange,0.097
29,2026-05-29,000300,沪深300,CSI 300,000938,紫光股份,"Unisplendour Co., Ltd.",深圳证券交易所,Shenzhen Stock Exchange,0.215
30,2026-05-29,000300,沪深300,CSI 300,000963,华东医药,Huadong Medicine Co Ltd,深圳证券交易所,Shenzhen Stock Exchange,0.095
31,2026-05-29,000300,沪深300,CSI 300,000975,山金国际,"Shanjin International Gold Co.,Ltd.",深圳证券交易所,Shenzhen Stock Exchange,0.14
32,2026-05-29,000300,沪深300,CSI 300,000977,浪潮信息,"Inspur Electronic Information Industry Co.,Ltd",深圳证券交易所,Shenzhen Stock Exchange,0.249
33,2026-05-29,000300,沪深300,CSI 300,000983,山西焦煤,"Shanxi Coking Coal Energy Group Co.,Ltd.",深圳证券交易所,Shenzhen Stock Exchange,0.072
34,2026-05-29,000300,沪深300,CSI 300,000999,华润三九,China Resources Sanjiu Medical & Pharmaceutical Co Ltd,深圳证券交易所,Shenzhen Stock Exchange,0.061
35,2026-05-29,000300,沪深300,CSI 300,001391,国货航,"Air China Cargo Co., Ltd.",深圳证券交易所,Shenzhen Stock Exchange,0.019
36,2026-05-29,000300,沪深300,CSI 300,001965,招商公路,"China Merchants Expressway Network Technology Holdings Co., Ltd.",深圳证券交易所,Shenzhen Stock Exchange,0.077
37,2026-05-29,000300,沪深300,CSI 300,001979,招商蛇口,"CHINA MERCHANTS SHEKOU INDUSTRIAL ZONE HOLDINGS CO.,LTD",深圳证券交易所,Shenzhen Stock Exchange,0.119
38,2026-05-29,000300,沪深300,CSI 300,002001,新和成,Zhejiang NHU Co Ltd,深圳证券交易所,Shenzhen Stock Exchange,0.169
39,2026-05-29,000300,沪深300,CSI 300,002027,分众传媒,"Focus Media Information Technology Co., Ltd.",深圳证券交易所,Shenzhen Stock Exchange,0.211
40,2026-05-29,000300,沪深300,CSI 300,002028,思源电气,"Siyuan Electric Co., Ltd.",深圳证券交易所,Shenzhen Stock Exchange,0.471
41,2026-05-29,000300,沪深300,CSI 300,002049,紫光国微,"Unigroup Guoxin Microelectronics Co., Ltd.",深圳证券交易所,Shenzhen Stock Exchange,0.202
42,2026-05-29,000300,沪深300,CSI 300,002050,三花智控,"ZHEJIANG SANHUA INTELLIGENT CONTROLS CO.,LTD.",深圳证券交易所,Shenzhen Stock Exchange,0.388
43,2026-05-29,000300,沪深300,CSI 300,002074,国轩高科,"GUOXUAN HIGH-TECH CO.,LTD.",深圳证券交易所,Shenzhen Stock Exchange,0.134
44,2026-05-29,000300,沪深300,CSI 300,002142,宁波银行,Bank of Ningbo Co Ltd,深圳证券交易所,Shenzhen Stock Exchange,0.384
45,2026-05-29,000300,沪深300,CSI 300,002179,中航光电,"Jonhon Optronic Technology Co.,Ltd",深圳证券交易所,Shenzhen Stock Exchange,0.173
46,2026-05-29,000300,沪深300,CSI 300,002230,科大讯飞,"Iflytek Co.,Ltd.",深圳证券交易所,Shenzhen Stock Exchange,0.415
47,2026-05-29,000300,沪深300,CSI 300,002236,大华股份,Zhejiang Dahua Technology Co Ltd,深圳证券交易所,Shenzhen Stock Exchange,0.123
48,2026-05-29,000300,沪深300,CSI 300,002241,歌尔股份,GoerTek Inc,深圳证券交易所,Shenzhen Stock Exchange,0.249
49,2026-05-29,000300,沪深300,CSI 300,002252,上海莱士,Shanghai RAAS Blood Products Co Ltd,深圳证券交易所,Shenzhen Stock Exchange,0.106
50,2026-05-29,000300,沪深300,CSI 300,002304,洋河股份,Jiangsu Yanghe Brewery Joint-Stock Co Ltd,深圳证券交易所,Shenzhen Stock Exchange,0.102
51,2026-05-29,000300,沪深300,CSI 300,002311,海大集团,Guangdong Haid Group Co Ltd,深圳证券交易所,Shenzhen Stock Exchange,0.146
52,2026-05-29,000300,沪深300,CSI 300,002352,顺丰控股,"S.F. Holding Co., Ltd.",深圳证券交易所,Shenzhen Stock Exchange,0.314
53,2026-05-29,000300,沪深300,CSI 300,002371,北方华创,"NAURA Technology Group Co.,Ltd.",深圳证券交易所,Shenzhen Stock Exchange,1.021
54,2026-05-29,000300,沪深300,CSI 300,002384,东山精密,Suzhou Dongshan Precision Manufacturing Co Ltd,深圳证券交易所,Shenzhen Stock Exchange,1.023
55,2026-05-29,000300,沪深300,CSI 300,002415,海康威视,Hangzhou Hikvision Digital Technology Co Ltd,深圳证券交易所,Shenzhen Stock Exchange,0.419
56,2026-05-29,000300,沪深300,CSI 300,002422,科伦药业,Sichuan Kelun Pharmaceutical Co Ltd,深圳证券交易所,Shenzhen Stock Exchange,0.152
57,2026-05-29,000300,沪深300,CSI 300,002459,晶澳科技,"JA Solar Technology Co., Ltd.",深圳证券交易所,Shenzhen Stock Exchange,0.068
58,2026-05-29,000300,沪深300,CSI 300,002460,赣锋锂业,Ganfeng Lithium Co Ltd,深圳证券交易所,Shenzhen Stock Exchange,0.302
59,2026-05-29,000300,沪深300,CSI 300,002463,沪电股份,Wus Printed Circuit (Kunshan) Co Ltd,深圳证券交易所,Shenzhen Stock Exchange,0.666
60,2026-05-29,000300,沪深300,CSI 300,002466,天齐锂业,"Tianqi Lithium Industries, Inc.",深圳证券交易所,Shenzhen Stock Exchange,0.243
61,2026-05-29,000300,沪深300,CSI 300,002475,立讯精密,"Luxshare Precision Industry Co., Ltd.",深圳证券交易所,Shenzhen Stock Exchange,1.399
62,2026-05-29,000300,沪深300,CSI 300,002493,荣盛石化,Rongsheng Petro Chemical Co Ltd,深圳证券交易所,Shenzhen Stock Exchange,0.126
63,2026-05-29,000300,沪深300,CSI 300,002594,比亚迪,BYD Co Ltd,深圳证券交易所,Shenzhen Stock Exchange,0.978
64,2026-05-29,000300,沪深300,CSI 300,002600,领益智造,LINGYI iTECH (GUANGDONG) COMPANY,深圳证券交易所,Shenzhen Stock Exchange,0.199
65,2026-05-29,000300,沪深300,CSI 300,002601,龙佰集团,"LB Group Co., Ltd.",深圳证券交易所,Shenzhen Stock Exchange,0.089
66,2026-05-29,000300,沪深300,CSI 300,002625,光启技术,"Kuang-Chi Technologies Co., Ltd.",深圳证券交易所,Shenzhen Stock Exchange,0.227
67,2026-05-29,000300,沪深300,CSI 300,002648,卫星化学,"SATELLITE CHEMICAL CO., LTD.",深圳证券交易所,Shenzhen Stock Exchange,0.147
68,2026-05-29,000300,沪深300,CSI 300,002709,天赐材料,"Guangzhou Tinci Materials Technology Co., Ltd",深圳证券交易所,Shenzhen Stock Exchange,0.277
69,2026-05-29,000300,沪深300,CSI 300,002714,牧原股份,"MUYUAN FOODS GROUP CO., LTD.",深圳证券交易所,Shenzhen Stock Exchange,0.389
70,2026-05-29,000300,沪深300,CSI 300,002736,国信证券,"GUOSEN SECURITIES CO., LTD.",深圳证券交易所,Shenzhen Stock Exchange,0.116
71,2026-05-29,000300,沪深300,CSI 300,002916,深南电路,"Shennan Circuits Co., Ltd.",深圳证券交易所,Shenzhen Stock Exchange,0.411
72,2026-05-29,000300,沪深300,CSI 300,002920,德赛西威,"Huizhou Desay SV Automotive Co., Ltd.",深圳证券交易所,Shenzhen Stock Exchange,0.114
73,2026-05-29,000300,沪深300,CSI 300,002938,鹏鼎控股,"Avary Holding (Shenzhen) Co., Limited",深圳证券交易所,Shenzhen Stock Exchange,0.273
74,2026-05-29,000300,沪深300,CSI 300,003816,中国广核,"CGN Power Co., Ltd.",深圳证券交易所,Shenzhen Stock Exchange,0.135
75,2026-05-29,000300,沪深300,CSI 300,300014,亿纬锂能,Eve Energy Co Ltd,深圳证券交易所,Shenzhen Stock Exchange,0.297
76,2026-05-29,000300,沪深300,CSI 300,300015,爱尔眼科,Aier Eye Hospital Group Co Ltd,深圳证券交易所,Shenzhen Stock Exchange,0.159
77,2026-05-29,000300,沪深300,CSI 300,300033,同花顺,"Hithink Royalflush Information Network Co.,Ltd.",深圳证券交易所,Shenzhen Stock Exchange,0.257
78,2026-05-29,000300,沪深300,CSI 300,300059,东方财富,East Money Information Co Ltd,深圳证券交易所,Shenzhen Stock Exchange,0.907
79,2026-05-29,000300,沪深300,CSI 300,300122,智飞生物,Chongqing Zhifei Biological Products Co Ltd,深圳证券交易所,Shenzhen Stock Exchange,0.061
80,2026-05-29,000300,沪深300,CSI 300,300124,汇川技术,Shenzhen Inovance Technology Co Ltd,深圳证券交易所,Shenzhen Stock Exchange,0.523
81,2026-05-29,000300,沪深300,CSI 300,300251,光线传媒,Beijing Enlight Media Co Ltd,深圳证券交易所,Shenzhen Stock Exchange,0.07
82,2026-05-29,000300,沪深300,CSI 300,300274,阳光电源,Sungrow Power Supply Co Ltd,深圳证券交易所,Shenzhen Stock Exchange,0.967
83,2026-05-29,000300,沪深300,CSI 300,300308,中际旭创,"ZHONGJI INNOLIGHT CO., LTD.",深圳证券交易所,Shenzhen Stock Exchange,4.83
84,2026-05-29,000300,沪深300,CSI 300,300316,晶盛机电,"Zhejiang Jingsheng Mechanical & Electrical Co., Ltd.",深圳证券交易所,Shenzhen Stock Exchange,0.125
85,2026-05-29,000300,沪深300,CSI 300,300347,泰格医药,"Hangzhou Tigermed Consulting Co., Ltd.",深圳证券交易所,Shenzhen Stock Exchange,0.076
86,2026-05-29,000300,沪深300,CSI 300,300394,天孚通信,"Suzhou TFC Optical Communication Co., Ltd.",深圳证券交易所,Shenzhen Stock Exchange,0.795
87,2026-05-29,000300,沪深300,CSI 300,300408,三环集团,"CHAOZHOU THREE-CIRCLE(GROUP)CO.,LTD",深圳证券交易所,Shenzhen Stock Exchange,0.647
88,2026-05-29,000300,沪深300,CSI 300,300413,芒果超媒,"Mango Excellent Media Co., Ltd.",深圳证券交易所,Shenzhen Stock Exchange,0.049
89,2026-05-29,000300,沪深300,CSI 300,300418,昆仑万维,"Beijing Kunlun Tech Co., Ltd.",深圳证券交易所,Shenzhen Stock Exchange,0.144
90,2026-05-29,000300,沪深300,CSI 300,300433,蓝思科技,"Lens Technology Co., Ltd.",深圳证券交易所,Shenzhen Stock Exchange,0.302
91,2026-05-29,000300,沪深300,CSI 300,300442,润泽科技,Range Intelligent Computing Technology Group Company Limited,深圳证券交易所,Shenzhen Stock Exchange,0.257
92,2026-05-29,000300,沪深300,CSI 300,300476,胜宏科技,"Victory Giant Technology (HuiZhou)Co.,Ltd.",深圳证券交易所,Shenzhen Stock Exchange,0.841
93,2026-05-29,000300,沪深300,CSI 300,300498,温氏股份,"GUANGDONGWENSFOODSTUFFGROUPCO.,LTD",深圳证券交易所,Shenzhen Stock Exchange,0.273
94,2026-05-29,000300,沪深300,CSI 300,300502,新易盛,"Eoptolink Technology Inc., Ltd",深圳证券交易所,Shenzhen Stock Exchange,2.629
95,2026-05-29,000300,沪深300,CSI 300,300628,亿联网络,YEALINK NETWORK TECHNOLOGY CORPORATION LIMITED,深圳证券交易所,Shenzhen Stock Exchange,0.069
96,2026-05-29,000300,沪深300,CSI 300,300661,圣邦股份,SG Micro Corp.,深圳证券交易所,Shenzhen Stock Exchange,0.191
97,2026-05-29,000300,沪深300,CSI 300,300750,宁德时代,"Contemporary Amperex Technology Co., Limited.",深圳证券交易所,Shenzhen Stock Exchange,4.198
98,2026-05-29,000300,沪深300,CSI 300,300759,康龙化成,"Pharmaron Beijing Co., Ltd.",深圳证券交易所,Shenzhen Stock Exchange,0.097
99,2026-05-29,000300,沪深300,CSI 300,300760,迈瑞医疗,"Shenzhen Mindray Bio-Medical Electronics Co., Ltd.",深圳证券交易所,Shenzhen Stock Exchange,0.345
100,2026-05-29,000300,沪深300,CSI 300,300782,卓胜微,Maxscend Microelectronics Company Limited,深圳证券交易所,Shenzhen Stock Exchange,0.14
101,2026-05-29,000300,沪深300,CSI 300,300803,指南针,"Beijing Compass Technology Development Co., Ltd.",深圳证券交易所,Shenzhen Stock Exchange,0.123
102,2026-05-29,000300,沪深300,CSI 300,300832,新产业,"Shenzhen New Industries Biomedical Engineering Co., Ltd.",深圳证券交易所,Shenzhen Stock Exchange,0.069
103,2026-05-29,000300,沪深300,CSI 300,300866,安克创新,"Anker Innovations Technology Co., Ltd",深圳证券交易所,Shenzhen Stock Exchange,0.101
104,2026-05-29,000300,沪深300,CSI 300,300896,爱美客,"IMEIK TECHNOLOGY DEVELOPMENT CO.,LTD.",深圳证券交易所,Shenzhen Stock Exchange,0.059
105,2026-05-29,000300,沪深300,CSI 300,300979,华利集团,Huali Industrial Group Company Limited,深圳证券交易所,Shenzhen Stock Exchange,0.022
106,2026-05-29,000300,沪深300,CSI 300,300999,金龙鱼,"Yihai Kerry Arawana Holdings Co., Ltd",深圳证券交易所,Shenzhen Stock Exchange,0.06
107,2026-05-29,000300,沪深300,CSI 300,301236,软通动力,"iSoftStone Information Technology (Group) Co., Ltd.",深圳证券交易所,Shenzhen Stock Exchange,0.077
108,2026-05-29,000300,沪深300,CSI 300,301269,华大九天,"Empyrean Technology Co., Ltd.",深圳证券交易所,Shenzhen Stock Exchange,0.094
109,2026-05-29,000300,沪深300,CSI 300,302132,中航成飞,AVIC CHENGDU AIRCRAFT COMPANY LIMITED,深圳证券交易所,Shenzhen Stock Exchange,0.069
110,2026-05-29,000300,沪深300,CSI 300,600000,浦发银行,Shanghai Pudong Development Bank Co Ltd,上海证券交易所,Shanghai Stock Exchange,0.467
111,2026-05-29,000300,沪深300,CSI 300,600009,上海机场,Shanghai International Airport Co Ltd,上海证券交易所,Shanghai Stock Exchange,0.117
112,2026-05-29,000300,沪深300,CSI 300,600010,包钢股份,Inner Mongolia Baotou Steel Union Co Ltd,上海证券交易所,Shanghai Stock Exchange,0.2
113,2026-05-29,000300,沪深300,CSI 300,600011,华能国际,Huaneng Power International Inc,上海证券交易所,Shanghai Stock Exchange,0.146
114,2026-05-29,000300,沪深300,CSI 300,600015,华夏银行,Hua Xia Bank Co Ltd,上海证券交易所,Shanghai Stock Exchange,0.16
115,2026-05-29,000300,沪深300,CSI 300,600016,民生银行,China Minsheng Banking Corp Ltd,上海证券交易所,Shanghai Stock Exchange,0.33
116,2026-05-29,000300,沪深300,CSI 300,600018,上港集团,Shanghai International Port (Group) Co Ltd,上海证券交易所,Shanghai Stock Exchange,0.054
117,2026-05-29,000300,沪深300,CSI 300,600019,宝钢股份,Baoshan Iron &Steel Co Ltd,上海证券交易所,Shanghai Stock Exchange,0.197
118,2026-05-29,000300,沪深300,CSI 300,600023,浙能电力,"Zhejiang Zheneng Electric Power Co., Ltd.",上海证券交易所,Shanghai Stock Exchange,0.097
119,2026-05-29,000300,沪深300,CSI 300,600025,华能水电,HuanengLancang River Hydropower Inc.,上海证券交易所,Shanghai Stock Exchange,0.069
120,2026-05-29,000300,沪深300,CSI 300,600026,中远海能,"COSCO SHIPPING Energy Transportation Co., Ltd.",上海证券交易所,Shanghai Stock Exchange,0.122
121,2026-05-29,000300,沪深300,CSI 300,600027,华电国际,Huadian Power International Corporation Ltd,上海证券交易所,Shanghai Stock Exchange,0.082
122,2026-05-29,000300,沪深300,CSI 300,600028,中国石化,China Petroleum & Chemical Corporation,上海证券交易所,Shanghai Stock Exchange,0.265
123,2026-05-29,000300,沪深300,CSI 300,600029,南方航空,China Southern Airlines Co Ltd,上海证券交易所,Shanghai Stock Exchange,0.111
124,2026-05-29,000300,沪深300,CSI 300,600030,中信证券,CITIC Securities Co Ltd,上海证券交易所,Shanghai Stock Exchange,0.952
125,2026-05-29,000300,沪深300,CSI 300,600031,三一重工,Sany Heavy Industry Co Ltd,上海证券交易所,Shanghai Stock Exchange,0.398
126,2026-05-29,000300,沪深300,CSI 300,600036,招商银行,China Merchants Bank Co Ltd,上海证券交易所,Shanghai Stock Exchange,1.761
127,2026-05-29,000300,沪深300,CSI 300,600039,四川路桥,Sichuan Road&Bridge Co Ltd,上海证券交易所,Shanghai Stock Exchange,0.086
128,2026-05-29,000300,沪深300,CSI 300,600048,保利发展,"Poly Developments and Holdings Group Co., Ltd.",上海证券交易所,Shanghai Stock Exchange,0.155
129,2026-05-29,000300,沪深300,CSI 300,600050,中国联通,China United Network Communications Co Ltd,上海证券交易所,Shanghai Stock Exchange,0.255
130,2026-05-29,000300,沪深300,CSI 300,600061,国投资本,"SDIC Capital Co., Ltd",上海证券交易所,Shanghai Stock Exchange,0.062
131,2026-05-29,000300,沪深300,CSI 300,600066,宇通客车,Zhengzhou Yutong Bus Co Ltd,上海证券交易所,Shanghai Stock Exchange,0.161
132,2026-05-29,000300,沪深300,CSI 300,600085,同仁堂,Beijing Tongrentang Co Ltd,上海证券交易所,Shanghai Stock Exchange,0.066
133,2026-05-29,000300,沪深300,CSI 300,600089,特变电工,TBEA Co Ltd,上海证券交易所,Shanghai Stock Exchange,0.48
134,2026-05-29,000300,沪深300,CSI 300,600104,上汽集团,SAIC Motor Co Ltd,上海证券交易所,Shanghai Stock Exchange,0.212
135,2026-05-29,000300,沪深300,CSI 300,600111,北方稀土,"China Northern Rare Earth (Group) High-Tech Co.,Ltd",上海证券交易所,Shanghai Stock Exchange,0.461
136,2026-05-29,000300,沪深300,CSI 300,600115,中国东航,"China Eastern Airlines Co., Ltd.",上海证券交易所,Shanghai Stock Exchange,0.14
137,2026-05-29,000300,沪深300,CSI 300,600150,中国船舶,China CSSC Holdings Limited,上海证券交易所,Shanghai Stock Exchange,0.632
138,2026-05-29,000300,沪深300,CSI 300,600160,巨化股份,Zhejiang Ju Hua Co Ltd,上海证券交易所,Shanghai Stock Exchange,0.167
139,2026-05-29,000300,沪深300,CSI 300,600161,天坛生物,Beijing Tiantan Biological Products Co Ltd,上海证券交易所,Shanghai Stock Exchange,0.05
140,2026-05-29,000300,沪深300,CSI 300,600176,中国巨石,"CHINA JUSHI CO., LTD.",上海证券交易所,Shanghai Stock Exchange,0.379
141,2026-05-29,000300,沪深300,CSI 300,600183,生益科技,"Shengyi Technology Co.,Ltd.",上海证券交易所,Shanghai Stock Exchange,0.639
142,2026-05-29,000300,沪深300,CSI 300,600188,兖矿能源,Yankuang Energy Group Company Limited,上海证券交易所,Shanghai Stock Exchange,0.146
143,2026-05-29,000300,沪深300,CSI 300,600196,复星医药,Shanghai Fosun Pharmaceutical (Group) Co Ltd,上海证券交易所,Shanghai Stock Exchange,0.111
144,2026-05-29,000300,沪深300,CSI 300,600219,南山铝业,"Shandong Nanshan Aluminium Co., Ltd.",上海证券交易所,Shanghai Stock Exchange,0.136
145,2026-05-29,000300,沪深300,CSI 300,600233,圆通速递,"YTO Express Group Co.,Ltd.",上海证券交易所,Shanghai Stock Exchange,0.12
146,2026-05-29,000300,沪深300,CSI 300,600276,恒瑞医药,Jiangsu Hengrui Medicine Co Ltd,上海证券交易所,Shanghai Stock Exchange,0.839
147,2026-05-29,000300,沪深300,CSI 300,600309,万华化学,"Wanhua Chemical Group Co., Ltd.",上海证券交易所,Shanghai Stock Exchange,0.517
148,2026-05-29,000300,沪深300,CSI 300,600346,恒力石化,"Hengli Petrochemical Co.,Ltd.",上海证券交易所,Shanghai Stock Exchange,0.136
149,2026-05-29,000300,沪深300,CSI 300,600362,江西铜业,Jiangxi Copper Co Ltd,上海证券交易所,Shanghai Stock Exchange,0.169
150,2026-05-29,000300,沪深300,CSI 300,600372,中航机载,"AVIC Airborne Systems Co., Ltd.",上海证券交易所,Shanghai Stock Exchange,0.101
151,2026-05-29,000300,沪深300,CSI 300,600377,宁沪高速,Jiangsu Expressway Co Ltd,上海证券交易所,Shanghai Stock Exchange,0.024
152,2026-05-29,000300,沪深300,CSI 300,600406,国电南瑞,"NARI Technology Co., Ltd.",上海证券交易所,Shanghai Stock Exchange,0.374
153,2026-05-29,000300,沪深300,CSI 300,600415,小商品城,Zhejiang China Commodities City Group Co Ltd,上海证券交易所,Shanghai Stock Exchange,0.131
154,2026-05-29,000300,沪深300,CSI 300,600426,华鲁恒升,Shandong Hualu-Hengsheng Chemical Co Ltd,上海证券交易所,Shanghai Stock Exchange,0.164
155,2026-05-29,000300,沪深300,CSI 300,600436,片仔癀,Zhangzhou Pientzehuang Pharmaceutical Co Ltd,上海证券交易所,Shanghai Stock Exchange,0.145
156,2026-05-29,000300,沪深300,CSI 300,600438,通威股份,Tongwei Co Ltd,上海证券交易所,Shanghai Stock Exchange,0.149
157,2026-05-29,000300,沪深300,CSI 300,600460,士兰微,Hangzhou Silan Microelectronics Co Ltd,上海证券交易所,Shanghai Stock Exchange,0.151
158,2026-05-29,000300,沪深300,CSI 300,600482,中国动力,"China Shipbuilding Industry Group Power Co.,Ltd",上海证券交易所,Shanghai Stock Exchange,0.156
159,2026-05-29,000300,沪深300,CSI 300,600489,中金黄金,Zhongjin Gold Co Ltd,上海证券交易所,Shanghai Stock Exchange,0.244
160,2026-05-29,000300,沪深300,CSI 300,600515,海南机场,"Hainan Airport Infrastructure Co., Ltd",上海证券交易所,Shanghai Stock Exchange,0.069
161,2026-05-29,000300,沪深300,CSI 300,600519,贵州茅台,Kweichow Moutai Co Ltd,上海证券交易所,Shanghai Stock Exchange,3.108
162,2026-05-29,000300,沪深300,CSI 300,600522,中天科技,Jiangsu Zhongtian Technologies Co Ltd,上海证券交易所,Shanghai Stock Exchange,0.431
163,2026-05-29,000300,沪深300,CSI 300,600547,山东黄金,Shandong Gold-Mining Co Ltd,上海证券交易所,Shanghai Stock Exchange,0.195
164,2026-05-29,000300,沪深300,CSI 300,600570,恒生电子,Hundsun Technologies Inc.,上海证券交易所,Shanghai Stock Exchange,0.138
165,2026-05-29,000300,沪深300,CSI 300,600584,长电科技,"JCET Group Co., Ltd.",上海证券交易所,Shanghai Stock Exchange,0.44
166,2026-05-29,000300,沪深300,CSI 300,600585,海螺水泥,Anhui Conch Cement Co Ltd,上海证券交易所,Shanghai Stock Exchange,0.181
167,2026-05-29,000300,沪深300,CSI 300,600588,用友网络,"Yonyou Network Technology Co., Ltd.",上海证券交易所,Shanghai Stock Exchange,0.08
168,2026-05-29,000300,沪深300,CSI 300,600600,青岛啤酒,Tsingtao Brewery Co Ltd,上海证券交易所,Shanghai Stock Exchange,0.081
169,2026-05-29,000300,沪深300,CSI 300,600660,福耀玻璃,"Fuyao Glass Industry Group Co.,Ltd",上海证券交易所,Shanghai Stock Exchange,0.316
170,2026-05-29,000300,沪深300,CSI 300,600674,川投能源,Sichuan Chuantou Energy Co Ltd,上海证券交易所,Shanghai Stock Exchange,0.113
171,2026-05-29,000300,沪深300,CSI 300,600690,海尔智家,"Haier Smart Home Co., Ltd.",上海证券交易所,Shanghai Stock Exchange,0.293
172,2026-05-29,000300,沪深300,CSI 300,600741,华域汽车,HUAYU Automotive Systems Company Limited,上海证券交易所,Shanghai Stock Exchange,0.099
173,2026-05-29,000300,沪深300,CSI 300,600760,中航沈飞,AVIC SHENYANG AIRCRAFT COMPANY LIMITED,上海证券交易所,Shanghai Stock Exchange,0.137
174,2026-05-29,000300,沪深300,CSI 300,600795,国电电力,GD Power Development Co Ltd,上海证券交易所,Shanghai Stock Exchange,0.172
175,2026-05-29,000300,沪深300,CSI 300,600803,新奥股份,"ENN Ecological Holdings Co., Ltd.",上海证券交易所,Shanghai Stock Exchange,0.068
176,2026-05-29,000300,沪深300,CSI 300,600809,山西汾酒,Shanxi Xinghuacun Fen Wine Factory Co Ltd,上海证券交易所,Shanghai Stock Exchange,0.234
177,2026-05-29,000300,沪深300,CSI 300,600845,宝信软件,Shanghai Baosight Software Co Ltd,上海证券交易所,Shanghai Stock Exchange,0.065
178,2026-05-29,000300,沪深300,CSI 300,600875,东方电气,Dongfang Electric Corporation Limited,上海证券交易所,Shanghai Stock Exchange,0.161
179,2026-05-29,000300,沪深300,CSI 300,600886,国投电力,"SDIC Power Holdings Co.,Ltd.",上海证券交易所,Shanghai Stock Exchange,0.129
180,2026-05-29,000300,沪深300,CSI 300,600887,伊利股份,Inner Mongolia Yili Industrial Group Co Ltd,上海证券交易所,Shanghai Stock Exchange,0.638
181,2026-05-29,000300,沪深300,CSI 300,600893,航发动力,AVIC AVIATION ENGINE CORPORATION PLC.,上海证券交易所,Shanghai Stock Exchange,0.207
182,2026-05-29,000300,沪深300,CSI 300,600900,长江电力,China Yangtze Power Co Ltd,上海证券交易所,Shanghai Stock Exchange,1.271
183,2026-05-29,000300,沪深300,CSI 300,600905,三峡能源,"China Three Gorges Renewables (Group) Co.,Ltd.",上海证券交易所,Shanghai Stock Exchange,0.223
184,2026-05-29,000300,沪深300,CSI 300,600918,中泰证券,"ZHONGTAI SECURITIES CO., LTD.",上海证券交易所,Shanghai Stock Exchange,0.065
185,2026-05-29,000300,沪深300,CSI 300,600919,江苏银行,"Bank of Jiangsu Co., Ltd",上海证券交易所,Shanghai Stock Exchange,0.621
186,2026-05-29,000300,沪深300,CSI 300,600926,杭州银行,"BANK OF HANGZHOU CO., LTD",上海证券交易所,Shanghai Stock Exchange,0.304
187,2026-05-29,000300,沪深300,CSI 300,600930,华电新能,Huadian New Energy Group Corporation Limited,上海证券交易所,Shanghai Stock Exchange,0.07
188,2026-05-29,000300,沪深300,CSI 300,600938,中国海油,CNOOC Limited,上海证券交易所,Shanghai Stock Exchange,0.308
189,2026-05-29,000300,沪深300,CSI 300,600941,中国移动,China Mobile Limited,上海证券交易所,Shanghai Stock Exchange,0.335
190,2026-05-29,000300,沪深300,CSI 300,600958,东方证券,ORIENT SECURITIES COMPANY LIMITED,上海证券交易所,Shanghai Stock Exchange,0.182
191,2026-05-29,000300,沪深300,CSI 300,600989,宝丰能源,"Ningxia Baofeng Energy Group Co., Ltd.",上海证券交易所,Shanghai Stock Exchange,0.198
192,2026-05-29,000300,沪深300,CSI 300,600999,招商证券,China Merchants Securities Co Ltd,上海证券交易所,Shanghai Stock Exchange,0.236
193,2026-05-29,000300,沪深300,CSI 300,601006,大秦铁路,Daqin Railway Co Ltd,上海证券交易所,Shanghai Stock Exchange,0.235
194,2026-05-29,000300,沪深300,CSI 300,601009,南京银行,Bank of Nanjing Co Ltd,上海证券交易所,Shanghai Stock Exchange,0.249
195,2026-05-29,000300,沪深300,CSI 300,601012,隆基绿能,"Longi Green Energy Technology Co., Ltd.",上海证券交易所,Shanghai Stock Exchange,0.315
196,2026-05-29,000300,沪深300,CSI 300,601018,宁波港,Ningbo Port Co Ltd,上海证券交易所,Shanghai Stock Exchange,0.051
197,2026-05-29,000300,沪深300,CSI 300,601021,春秋航空,"Spring Airlines Co., Ltd.",上海证券交易所,Shanghai Stock Exchange,0.09
198,2026-05-29,000300,沪深300,CSI 300,601058,赛轮轮胎,"Sailun Group Co.,Ltd.",上海证券交易所,Shanghai Stock Exchange,0.124
199,2026-05-29,000300,沪深300,CSI 300,601059,信达证券,"CINDA SECURITIES CO., LTD.",上海证券交易所,Shanghai Stock Exchange,0.063
200,2026-05-29,000300,沪深300,CSI 300,601066,中信建投,"China Securities Co., Ltd.",上海证券交易所,Shanghai Stock Exchange,0.119
201,2026-05-29,000300,沪深300,CSI 300,601077,渝农商行,"Chongqing Rural Commercial Bank Co., Ltd.",上海证券交易所,Shanghai Stock Exchange,0.132
202,2026-05-29,000300,沪深300,CSI 300,601088,中国神华,China Shenhua Energy Co Ltd,上海证券交易所,Shanghai Stock Exchange,0.627
203,2026-05-29,000300,沪深300,CSI 300,601100,恒立液压,"Jiangsu Hengli Hydraulic CO., Ltd.",上海证券交易所,Shanghai Stock Exchange,0.219
204,2026-05-29,000300,沪深300,CSI 300,601111,中国国航,Air China Ltd,上海证券交易所,Shanghai Stock Exchange,0.096
205,2026-05-29,000300,沪深300,CSI 300,601117,中国化学,China National Chemical Engineering Co Ltd,上海证券交易所,Shanghai Stock Exchange,0.106
206,2026-05-29,000300,沪深300,CSI 300,601127,赛力斯,"Chongqing Sokon Industry Group Stock Co., Ltd.",上海证券交易所,Shanghai Stock Exchange,0.249
207,2026-05-29,000300,沪深300,CSI 300,601136,首创证券,Capital Securities Corporation Limited,上海证券交易所,Shanghai Stock Exchange,0.03
208,2026-05-29,000300,沪深300,CSI 300,601138,工业富联,"Foxconn Industrial Internet Co., Ltd.",上海证券交易所,Shanghai Stock Exchange,1.091
209,2026-05-29,000300,沪深300,CSI 300,601166,兴业银行,Industrial Bank,上海证券交易所,Shanghai Stock Exchange,1.173
210,2026-05-29,000300,沪深300,CSI 300,601169,北京银行,Bank of Beijing Co Ltd,上海证券交易所,Shanghai Stock Exchange,0.282
211,2026-05-29,000300,沪深300,CSI 300,601186,中国铁建,China Railway Construction Co Ltd,上海证券交易所,Shanghai Stock Exchange,0.11
212,2026-05-29,000300,沪深300,CSI 300,601211,国泰海通,"GUOTAI HAITONG SECURITIES CO., LTD.",上海证券交易所,Shanghai Stock Exchange,0.651
213,2026-05-29,000300,沪深300,CSI 300,601225,陕西煤业,Shaanxi Coal Industry Company Limited,上海证券交易所,Shanghai Stock Exchange,0.374
214,2026-05-29,000300,沪深300,CSI 300,601229,上海银行,"Bank of Shanghai Co., Ltd.",上海证券交易所,Shanghai Stock Exchange,0.336
215,2026-05-29,000300,沪深300,CSI 300,601236,红塔证券,"HONGTA SECURITIES CO., LTD.",上海证券交易所,Shanghai Stock Exchange,0.036
216,2026-05-29,000300,沪深300,CSI 300,601238,广汽集团,"Guangzhou Automobile Group Co., Ltd.",上海证券交易所,Shanghai Stock Exchange,0.05
217,2026-05-29,000300,沪深300,CSI 300,601288,农业银行,Agricultural Bank of China Co Ltd,上海证券交易所,Shanghai Stock Exchange,0.68
218,2026-05-29,000300,沪深300,CSI 300,601298,青岛港,"Qingdao Port International Co., Ltd",上海证券交易所,Shanghai Stock Exchange,0.024
219,2026-05-29,000300,沪深300,CSI 300,601318,中国平安,Ping An Insurance (Group) Company of China Ltd,上海证券交易所,Shanghai Stock Exchange,2.135
220,2026-05-29,000300,沪深300,CSI 300,601319,中国人保,The People's Insurance Company (Group) of China Limited,上海证券交易所,Shanghai Stock Exchange,0.082
221,2026-05-29,000300,沪深300,CSI 300,601328,交通银行,Bank of Communications Co LTD,上海证券交易所,Shanghai Stock Exchange,0.665
222,2026-05-29,000300,沪深300,CSI 300,601336,新华保险,New China Life Insurance Co Ltd,上海证券交易所,Shanghai Stock Exchange,0.186
223,2026-05-29,000300,沪深300,CSI 300,601360,三六零,360 Security Technology Inc.,上海证券交易所,Shanghai Stock Exchange,0.132
224,2026-05-29,000300,沪深300,CSI 300,601377,兴业证券,Industrial Securities Co Ltd,上海证券交易所,Shanghai Stock Exchange,0.149
225,2026-05-29,000300,沪深300,CSI 300,601390,中国中铁,China Railway Group Limited,上海证券交易所,Shanghai Stock Exchange,0.183
226,2026-05-29,000300,沪深300,CSI 300,601398,工商银行,Industrial and Commercial Bank of China Ltd,上海证券交易所,Shanghai Stock Exchange,0.875
227,2026-05-29,000300,沪深300,CSI 300,601456,国联民生,Guolian Minsheng Securities Company Limited,上海证券交易所,Shanghai Stock Exchange,0.051
228,2026-05-29,000300,沪深300,CSI 300,601600,中国铝业,Aluminum Corporation of China Limited,上海证券交易所,Shanghai Stock Exchange,0.339
229,2026-05-29,000300,沪深300,CSI 300,601601,中国太保,China Pacific Insurance (Group) Co Ltd,上海证券交易所,Shanghai Stock Exchange,0.412
230,2026-05-29,000300,沪深300,CSI 300,601607,上海医药,"Shanghai Pharmaceuticals Holding Co.,Ltd",上海证券交易所,Shanghai Stock Exchange,0.069
231,2026-05-29,000300,沪深300,CSI 300,601618,中国中冶,Metallurgical Corporation of China Co Ltd,上海证券交易所,Shanghai Stock Exchange,0.076
232,2026-05-29,000300,沪深300,CSI 300,601628,中国人寿,China Life Insurance Company Limited,上海证券交易所,Shanghai Stock Exchange,0.211
233,2026-05-29,000300,沪深300,CSI 300,601633,长城汽车,Great Wall Motor Co Ltd,上海证券交易所,Shanghai Stock Exchange,0.079
234,2026-05-29,000300,沪深300,CSI 300,601658,邮储银行,"POSTAL SAVINGS BANK OF CHINA CO., LTD.",上海证券交易所,Shanghai Stock Exchange,0.206
235,2026-05-29,000300,沪深300,CSI 300,601668,中国建筑,China State Construction Engineering Co Ltd,上海证券交易所,Shanghai Stock Exchange,0.374
236,2026-05-29,000300,沪深300,CSI 300,601669,中国电建,"Power Construction Corporation of China,Ltd",上海证券交易所,Shanghai Stock Exchange,0.172
237,2026-05-29,000300,沪深300,CSI 300,601688,华泰证券,Huatai Securities Co Ltd,上海证券交易所,Shanghai Stock Exchange,0.398
238,2026-05-29,000300,沪深300,CSI 300,601689,拓普集团,"Ningbo Tuopu Group Co., Ltd.",上海证券交易所,Shanghai Stock Exchange,0.203
239,2026-05-29,000300,沪深300,CSI 300,601698,中国卫通,"China Satellite Communications Co.,Ltd.",上海证券交易所,Shanghai Stock Exchange,0.095
240,2026-05-29,000300,沪深300,CSI 300,601728,中国电信,China Telecom Corporation Limited,上海证券交易所,Shanghai Stock Exchange,0.352
241,2026-05-29,000300,沪深300,CSI 300,601766,中国中车,CRRC Corporation Limited,上海证券交易所,Shanghai Stock Exchange,0.263
242,2026-05-29,000300,沪深300,CSI 300,601788,光大证券,Everbright Securities Co Ltd,上海证券交易所,Shanghai Stock Exchange,0.104
243,2026-05-29,000300,沪深300,CSI 300,601800,中国交建,China Communications Construction Company Limited,上海证券交易所,Shanghai Stock Exchange,0.086
244,2026-05-29,000300,沪深300,CSI 300,601808,中海油服,China Oilfield Services Limited,上海证券交易所,Shanghai Stock Exchange,0.029
245,2026-05-29,000300,沪深300,CSI 300,601816,京沪高铁,"Beijing-Shanghai High Speed Railway Co.,Ltd",上海证券交易所,Shanghai Stock Exchange,0.552
246,2026-05-29,000300,沪深300,CSI 300,601818,光大银行,China Everbright Bank Co Ltd,上海证券交易所,Shanghai Stock Exchange,0.215
247,2026-05-29,000300,沪深300,CSI 300,601825,沪农商行,"Shanghai Rural Commercial Bank Co.,Ltd.",上海证券交易所,Shanghai Stock Exchange,0.184
248,2026-05-29,000300,沪深300,CSI 300,601838,成都银行,"BANK OF CHENGDU CO., LTD.",上海证券交易所,Shanghai Stock Exchange,0.177
249,2026-05-29,000300,沪深300,CSI 300,601857,中国石油,PetroChina Co Ltd,上海证券交易所,Shanghai Stock Exchange,0.461
250,2026-05-29,000300,沪深300,CSI 300,601868,中国能建,China Energy Engineering Corporation Limited,上海证券交易所,Shanghai Stock Exchange,0.151
251,2026-05-29,000300,沪深300,CSI 300,601872,招商轮船,"China Merchants Energy Shipping Co., Ltd.",上海证券交易所,Shanghai Stock Exchange,0.192
252,2026-05-29,000300,沪深300,CSI 300,601877,正泰电器,Zhejiang Chint Electrics Co Ltd,上海证券交易所,Shanghai Stock Exchange,0.117
253,2026-05-29,000300,沪深300,CSI 300,601878,浙商证券,"ZHESHANG SECURITIES CO., LTD.",上海证券交易所,Shanghai Stock Exchange,0.097
254,2026-05-29,000300,沪深300,CSI 300,601881,中国银河,"China Galaxy Securities Co., Ltd.",上海证券交易所,Shanghai Stock Exchange,0.1
255,2026-05-29,000300,沪深300,CSI 300,601888,中国中免,China Tourism Group Duty Free Corporation Limited,上海证券交易所,Shanghai Stock Exchange,0.218
256,2026-05-29,000300,沪深300,CSI 300,601898,中煤能源,China Coal Energy Co Ltd,上海证券交易所,Shanghai Stock Exchange,0.107
257,2026-05-29,000300,沪深300,CSI 300,601899,紫金矿业,Zijin Mining Group Co Ltd,上海证券交易所,Shanghai Stock Exchange,1.877
258,2026-05-29,000300,沪深300,CSI 300,601901,方正证券,Founder Securities Co Ltd,上海证券交易所,Shanghai Stock Exchange,0.106
259,2026-05-29,000300,沪深300,CSI 300,601916,浙商银行,"CHINA ZHESHANG BANK CO.,LTD",上海证券交易所,Shanghai Stock Exchange,0.169
260,2026-05-29,000300,沪深300,CSI 300,601919,中远海控,"COSCO SHIPPING Holdings Co., Ltd.",上海证券交易所,Shanghai Stock Exchange,0.334
261,2026-05-29,000300,沪深300,CSI 300,601939,建设银行,China Construction Bank,上海证券交易所,Shanghai Stock Exchange,0.316
262,2026-05-29,000300,沪深300,CSI 300,601985,中国核电,"China National Nuclear Power Co.,Ltd.",上海证券交易所,Shanghai Stock Exchange,0.278
263,2026-05-29,000300,沪深300,CSI 300,601988,中国银行,Bank of China Ltd,上海证券交易所,Shanghai Stock Exchange,0.314
264,2026-05-29,000300,沪深300,CSI 300,601995,中金公司,China International Capital Corporation Limited,上海证券交易所,Shanghai Stock Exchange,0.148
265,2026-05-29,000300,沪深300,CSI 300,601998,中信银行,China Citic Bank Corporation Limited,上海证券交易所,Shanghai Stock Exchange,0.147
266,2026-05-29,000300,沪深300,CSI 300,603019,中科曙光,"Dawning Information Industry Co., Ltd.",上海证券交易所,Shanghai Stock Exchange,0.483
267,2026-05-29,000300,沪深300,CSI 300,603195,公牛集团,"GONGNIU GROUP CO., LTD.",上海证券交易所,Shanghai Stock Exchange,0.042
268,2026-05-29,000300,沪深300,CSI 300,603259,药明康德,"WuXi AppTec Co., Ltd.",上海证券交易所,Shanghai Stock Exchange,0.941
269,2026-05-29,000300,沪深300,CSI 300,603260,合盛硅业,"HOSHINE SILICON INDUSTRY CO.,LTD",上海证券交易所,Shanghai Stock Exchange,0.051
270,2026-05-29,000300,沪深300,CSI 300,603288,海天味业,Foshan Haitian Flavouring and Food Company Ltd.,上海证券交易所,Shanghai Stock Exchange,0.224
271,2026-05-29,000300,沪深300,CSI 300,603296,华勤技术,"Huaqin Technology Co., Ltd.",上海证券交易所,Shanghai Stock Exchange,0.162
272,2026-05-29,000300,沪深300,CSI 300,603369,今世缘,"Jiangsu King's Luck Brewery Joint-Stock Co., Ltd.",上海证券交易所,Shanghai Stock Exchange,0.085
273,2026-05-29,000300,沪深300,CSI 300,603392,万泰生物,"BEIJING WANTAI BIOLOGICAL PHARMACY ENTERPRISE CO., LTD.",上海证券交易所,Shanghai Stock Exchange,0.049
274,2026-05-29,000300,沪深300,CSI 300,603501,豪威集团,"Omni Vision Integrated Circuits Group, Inc.",上海证券交易所,Shanghai Stock Exchange,0.301
275,2026-05-29,000300,沪深300,CSI 300,603799,华友钴业,"ZHEJIANG HUAYOU COBALT CO., LTD.",上海证券交易所,Shanghai Stock Exchange,0.311
276,2026-05-29,000300,沪深300,CSI 300,603893,瑞芯微,"Fuzhou Rockchip Electronics Co., Ltd.",上海证券交易所,Shanghai Stock Exchange,0.138
277,2026-05-29,000300,沪深300,CSI 300,603986,兆易创新,GigaDevice Semiconductor (Beijing) Inc.,上海证券交易所,Shanghai Stock Exchange,1.168
278,2026-05-29,000300,沪深300,CSI 300,603993,洛阳钼业,"China Molybdenum Co., Ltd.",上海证券交易所,Shanghai Stock Exchange,0.605
279,2026-05-29,000300,沪深300,CSI 300,605117,德业股份,"Ningbo Deye Technology Co., Ltd.",上海证券交易所,Shanghai Stock Exchange,0.22
280,2026-05-29,000300,沪深300,CSI 300,605499,东鹏饮料,"Eastroc Beverage (Group) Co.,Ltd.",上海证券交易所,Shanghai Stock Exchange,0.144
281,2026-05-29,000300,沪深300,CSI 300,688008,澜起科技,"Montage Technology Co., Ltd.",上海证券交易所,Shanghai Stock Exchange,1.085
282,2026-05-29,000300,沪深300,CSI 300,688009,中国通号,China Railway Signal & Communication Corporation Limited,上海证券交易所,Shanghai Stock Exchange,0.046
283,2026-05-29,000300,沪深300,CSI 300,688012,中微公司,Advanced Micro-Fabrication Equipment Inc. China,上海证券交易所,Shanghai Stock Exchange,0.728
284,2026-05-29,000300,沪深300,CSI 300,688036,传音控股,"SHENZHEN TRANSSION HOLDINGS CO., LTD.",上海证券交易所,Shanghai Stock Exchange,0.13
285,2026-05-29,000300,沪深300,CSI 300,688041,海光信息,"Hygon Information Technology Co., Ltd.",上海证券交易所,Shanghai Stock Exchange,1.023
286,2026-05-29,000300,沪深300,CSI 300,688047,龙芯中科,Loongson Technology Corporation Limited,上海证券交易所,Shanghai Stock Exchange,0.109
287,2026-05-29,000300,沪深300,CSI 300,688082,盛美上海,"ACM Research (Shanghai) ,Inc.",上海证券交易所,Shanghai Stock Exchange,0.082
288,2026-05-29,000300,沪深300,CSI 300,688111,金山办公,"Beijing Kingsoft Office Software, Inc.",上海证券交易所,Shanghai Stock Exchange,0.207
289,2026-05-29,000300,沪深300,CSI 300,688126,沪硅产业,"National Silicon Industry Group Co.,Ltd.",上海证券交易所,Shanghai Stock Exchange,0.199
290,2026-05-29,000300,沪深300,CSI 300,688169,石头科技,"Beijing Roborock Technology Co., Ltd.",上海证券交易所,Shanghai Stock Exchange,0.08
291,2026-05-29,000300,沪深300,CSI 300,688187,时代电气,"Zhuzhou CRRC Times Electric Co., Ltd.",上海证券交易所,Shanghai Stock Exchange,0.06
292,2026-05-29,000300,沪深300,CSI 300,688223,晶科能源,"Jinko Solar Co., Ltd.",上海证券交易所,Shanghai Stock Exchange,0.088
293,2026-05-29,000300,沪深300,CSI 300,688256,寒武纪,Cambricon Technologies Corporation Limited,上海证券交易所,Shanghai Stock Exchange,1.541
294,2026-05-29,000300,沪深300,CSI 300,688271,联影医疗,"Shanghai United Imaging Healthcare Co., Ltd.",上海证券交易所,Shanghai Stock Exchange,0.223
295,2026-05-29,000300,沪深300,CSI 300,688303,大全能源,"XinJiang Daqo New Energy Co.,Ltd",上海证券交易所,Shanghai Stock Exchange,0.047
296,2026-05-29,000300,沪深300,CSI 300,688396,华润微,China Resources Microelectronics Limited,上海证券交易所,Shanghai Stock Exchange,0.127
297,2026-05-29,000300,沪深300,CSI 300,688472,阿特斯,"CSI Solar Co., Ltd.",上海证券交易所,Shanghai Stock Exchange,0.073
298,2026-05-29,000300,沪深300,CSI 300,688506,百利天恒,"Sichuan Biokin Pharmaceutical Co.,Ltd.",上海证券交易所,Shanghai Stock Exchange,0.074
299,2026-05-29,000300,沪深300,CSI 300,688981,中芯国际,Semiconductor Manufacturing International Corporation,上海证券交易所,Shanghai Stock Exchange,1.047
